date,domain_name
20220117184508,wbapp.uve.weibo.com
20220117184508,wbapp.uve.weibo.com
20220117184508,adstrategy.biz.weibo.com
20220117184508,api.uve.weibo.com
20220117184508,api.uve.weibo.com
20220117184508,adstrategy.biz.weibo.com
20220117184508,adstrategy.biz.weibo.com
20220117184510,simg.s.weibo.com
20220117184510,simg.s.weibo.com
20220117184510,simg.s.weibo.com
20220117184511,sdkapp.uve.weibo.com
20220117184511,sdkapp.uve.weibo.com
20220117184511,sdkapp.uve.weibo.com
20220117184511,api.uve.weibo.com
20220117184511,api.uve.weibo.com
20220117184511,api.uve.weibo.com
20220117184512,weibo.com
20220117184516,mapi.weibo.com
20220117184517,mediadata.api.weibo.com
20220117184523,vs.biz.weibo.com
20220117184523,vs.biz.weibo.com
20220117184523,vs.biz.weibo.com
20220117184523,g7.biz.weibo.com
20220117184523,g7.biz.weibo.com
20220117184523,g7.biz.weibo.com
20220117184523,g7.biz.weibo.com
20220117184526,weibo.com
20220117184526,weibo.com
20220117184530,rm.api.weibo.com
20220117184541,adimg.uve.weibo.com
20220117184541,adimg.uve.weibo.com
20220117184541,adimg.uve.weibo.com
20220117184543,weibo.com
20220117184543,rm.api.weibo.com
20220117184543,remind.api.weibo.com
20220117184543,passport.weibo.com
20220117184543,passport.weibo.com
20220117184550,rm.api.weibo.com
20220117184558,vip.storage.weibo.com
20220117175205,api.uve.weibo.com
20220117175206,mediadata.api.weibo.com
20220117175206,mediadata.api.weibo.com
20220117175206,mediadata.api.weibo.com
20220117175207,vs.biz.weibo.com
20220117175207,p7.biz.weibo.com
20220117175207,g7.biz.weibo.com
20220117175209,mediadata.api.weibo.com
20220117175211,weibo.com
20220117175225,simg.s.weibo.com
20220117175225,simg.s.weibo.com
20220117175225,simg.s.weibo.com
20220117175227,weibo.com
20220117175227,weibo.com
20220117175227,weibo.com
20220117175227,api.weibo.com
20220117175227,fileplatform.api.weibo.com
20220117175227,picupload.weibo.com
20220117175227,picupload.service.weibo.com
20220117175227,ali.picupload.weibo.com
20220117175227,e.dpool.weibo.com
20220117175227,bjali.picupload.weibo.com
20220117175229,rm.api.weibo.com
20220117175236,p7.biz.weibo.com
20220117175236,g7.biz.weibo.com
20220117175236,p7.biz.weibo.com
20220117175236,g7.biz.weibo.com
20220117175244,weibo.com
20220117175244,passport.weibo.com
20220117175244,passport.weibo.com
20220117175244,weibo.com
20220117175245,service.weibo.com
20220117175255,storage.wax.weibo.com
20220117175255,storage.wax.weibo.com
20220117175255,storage.wax.weibo.com
20220117175257,bjali.picupload.weibo.com
20220117175300,weibo.com
20220117175301,e.dpool.weibo.com
20220117175301,ali.picupload.weibo.com
20220117175301,bjali.picupload.weibo.com
20220117175301,e.dpool.weibo.com
20220117165605,vs.biz.weibo.com
20220117165605,p7.biz.weibo.com
20220117165607,rm.api.weibo.com
20220117165609,api.uve.weibo.com
20220117165611,weibo.com
20220117165613,vip.storage.weibo.com
20220117165613,vip.storage.weibo.com
20220117165618,e.weibo.com
20220117165621,api.uve.weibo.com
20220117165621,adstrategy.biz.weibo.com
20220117165628,weibo.com
20220117165628,weibo.com
20220117165630,rm.api.weibo.com
20220117165631,vs.biz.weibo.com
20220117165631,p7.biz.weibo.com
20220117165631,g7.biz.weibo.com
20220117165634,mediadata.api.weibo.com
20220117165640,api.uve.weibo.com
20220117165640,vip.storage.weibo.com
20220117165645,weibo.com
20220117165646,passport.weibo.com
20220117165646,passport.weibo.com
20220117165659,rm.api.weibo.com
20220117204707,weibo.com
20220117204708,rm.api.weibo.com
20220117204708,api.uve.weibo.com
20220117204712,weibo.com
20220117204714,vip.storage.weibo.com
20220117204717,vip.storage.weibo.com
20220117204723,weibo.com
20220117204723,weibo.com
20220117204727,api.uve.weibo.com
20220117204727,wbapp.uve.weibo.com
20220117204727,wbapp.uve.weibo.com
20220117204727,api.uve.weibo.com
20220117204727,api.weibo.com
20220117204727,weibo.com
20220117204727,fileplatform.api.weibo.com
20220117204727,picupload.service.weibo.com
20220117204727,picupload.weibo.com
20220117204727,ali.picupload.weibo.com
20220117204727,e.dpool.weibo.com
20220117204727,bjali.picupload.weibo.com
20220117204730,vip.storage.weibo.com
20220117204730,vip.storage.weibo.com
20220117204735,adstrategy.biz.weibo.com
20220117204739,vs.biz.weibo.com
20220117204739,g7.biz.weibo.com
20220117204739,vs.biz.weibo.com
20220117204740,weibo.com
20220117204740,passport.weibo.com
20220117204740,passport.weibo.com
20220117204743,vs.biz.weibo.com
20220117204743,g7.biz.weibo.com
20220117204743,g7.biz.weibo.com
20220117204743,g7.biz.weibo.com
20220117204749,adimg.uve.weibo.com
20220117204749,adimg.uve.weibo.com
20220117204756,sdkapp.uve.weibo.com
20220117204756,sdkapp.uve.weibo.com
20220117204756,sdkapp.uve.weibo.com
20220117204756,api.uve.weibo.com
20220117204756,api.uve.weibo.com
20220117204756,api.uve.weibo.com
20220117204756,weibo.com
20220117204756,api.weibo.com
20220117204756,fileplatform.api.weibo.com
20220117204756,picupload.weibo.com
20220117204756,picupload.service.weibo.com
20220117204800,fileplatform.api.weibo.com
20220117204801,ali.picupload.weibo.com
20220117204801,e.dpool.weibo.com
20220117204801,bjali.picupload.weibo.com
20220117041408,weibo.com
20220117041408,vip.storage.weibo.com
20220117041408,vip.storage.weibo.com
20220117041410,vs.biz.weibo.com
20220117041410,g7.biz.weibo.com
20220117041410,g7.biz.weibo.com
20220117041440,weibo.com
20220117041440,weibo.com
20220117041453,simg.s.weibo.com
20220117041453,simg.s.weibo.com
20220117041457,weibo.com
20220117041458,passport.weibo.com
20220117041458,passport.weibo.com
20220117064308,simg.s.weibo.com
20220117064308,simg.s.weibo.com
20220117064308,simg.s.weibo.com
20220117064309,weibo.com
20220117064340,weibo.com
20220117064340,weibo.com
20220117064347,vs.biz.weibo.com
20220117064352,rm.api.weibo.com
20220117064352,remind.api.weibo.com
20220117064357,weibo.com
20220117064358,passport.weibo.com
20220117064358,passport.weibo.com
20220117141325,mediadata.api.weibo.com
20220117141333,weibo.com
20220117141333,weibo.com
20220117141334,vip.storage.weibo.com
20220117141337,wbapp.uve.weibo.com
20220117141337,api.uve.weibo.com
20220117141337,api.uve.weibo.com
20220117141341,g7.biz.weibo.com
20220117141341,vs.biz.weibo.com
20220117141350,weibo.com
20220117141350,passport.weibo.com
20220117141350,passport.weibo.com
20220117141351,weibo.com
20220117141351,rm.api.weibo.com
20220117141351,remind.api.weibo.com
20220117141353,vs.biz.weibo.com
20220117141401,vip.storage.weibo.com
20220117141401,vip.storage.weibo.com
20220117141402,weibo.com
20220117141409,api.weibo.com
20220117141409,api.weibo.com
20220117141410,weibo.com
20220117141418,multimedia.api.weibo.com
20220117141423,vs.biz.weibo.com
20220117141423,g7.biz.weibo.com
20220117004807,weibo.com
20220117004809,adimg.uve.weibo.com
20220117004809,adimg.uve.weibo.com
20220117004814,api.uve.weibo.com
20220117004824,api.uve.weibo.com
20220117004824,api.uve.weibo.com
20220117004826,simg.s.weibo.com
20220117004826,simg.s.weibo.com
20220117004827,storage.wax.weibo.com
20220117004827,storage.wax.weibo.com
20220117004836,mediadata.api.weibo.com
20220117004838,adimg.uve.weibo.com
20220117004840,vs.biz.weibo.com
20220117004840,weibo.com
20220117004840,weibo.com
20220117004841,g7.biz.weibo.com
20220117004857,weibo.com
20220117004858,passport.weibo.com
20220117004858,passport.weibo.com
20220117004858,wbapp.uve.weibo.com
20220117004858,wbapp.uve.weibo.com
20220117004858,api.uve.weibo.com
20220117004858,api.uve.weibo.com
20220117004858,adstrategy.biz.weibo.com
20220117004858,adstrategy.biz.weibo.com
20220117004858,adstrategy.biz.weibo.com
20220117004859,sdkapp.uve.weibo.com
20220117004859,sdkapp.uve.weibo.com
20220117004859,sdkapp.uve.weibo.com
20220117004859,api.uve.weibo.com
20220117004859,api.uve.weibo.com
20220117004859,api.uve.weibo.com
20220117004859,simg.s.weibo.com
20220117004859,sdkclick.uve.weibo.com
20220117004900,vs.biz.weibo.com
20220117004900,g7.biz.weibo.com
20220117004900,sdkclick.uve.weibo.com
20220117004900,sdkclick.uve.weibo.com
20220117004900,api.uve.weibo.com
20220117004900,api.uve.weibo.com
20220117004900,vs.biz.weibo.com
20220117004900,g7.biz.weibo.com
20220117004900,g7.biz.weibo.com
20220117004900,g7.biz.weibo.com
20220117164611,weibo.com
20220117164614,g7.biz.weibo.com
20220117164621,vs.biz.weibo.com
20220117164623,rm.api.weibo.com
20220117164623,remind.api.weibo.com
20220117164624,rm.api.weibo.com
20220117164625,g7.biz.weibo.com
20220117164629,weibo.com
20220117164629,weibo.com
20220117164634,weibo.com
20220117164644,vs.biz.weibo.com
20220117164646,weibo.com
20220117164646,passport.weibo.com
20220117164646,passport.weibo.com
20220117164652,sdkapp.uve.weibo.com
20220117164652,sdkapp.uve.weibo.com
20220117164652,api.uve.weibo.com
20220117164652,adstrategy.biz.weibo.com
20220117164657,wbapp.uve.weibo.com
20220117164657,wbapp.uve.weibo.com
20220117164657,api.uve.weibo.com
20220117164659,rm.api.weibo.com
20220117164659,remind.api.weibo.com
20220117050208,weibo.com
20220117050227,weibo.com
20220117050227,fileplatform.api.weibo.com
20220117050227,api.weibo.com
20220117050227,picupload.service.weibo.com
20220117050227,picupload.weibo.com
20220117050227,e.dpool.weibo.com
20220117050227,ali.picupload.weibo.com
20220117050227,bjali.picupload.weibo.com
20220117050228,e.dpool.weibo.com
20220117050240,weibo.com
20220117050240,weibo.com
20220117050247,rm.api.weibo.com
20220117050247,remind.api.weibo.com
20220117050257,e.dpool.weibo.com
20220117050257,ali.picupload.weibo.com
20220117050257,bjali.picupload.weibo.com
20220117050257,weibo.com
20220117050258,passport.weibo.com
20220117050258,passport.weibo.com
20220117050302,weibo.com
20220117050302,api.weibo.com
20220117050302,fileplatform.api.weibo.com
20220117050302,picupload.service.weibo.com
20220117050302,picupload.weibo.com
20220117160811,weibo.com
20220117160817,api.uve.weibo.com
20220117160829,rm.api.weibo.com
20220117160830,weibo.com
20220117160847,weibo.com
20220117160847,passport.weibo.com
20220117160847,passport.weibo.com
20220117160847,api.weibo.com
20220117160847,api.weibo.com
20220117160850,api.uve.weibo.com
20220117160851,rm.api.weibo.com
20220117160851,remind.api.weibo.com
20220117160855,vs.biz.weibo.com
20220117160909,vs.biz.weibo.com
20220117160909,vs.biz.weibo.com
20220117160909,p7.biz.weibo.com
20220117160909,sdkapp.uve.weibo.com
20220117160909,p7.biz.weibo.com
20220117160909,sdkapp.uve.weibo.com
20220117160909,g7.biz.weibo.com
20220117160909,api.uve.weibo.com
20220117160909,g7.biz.weibo.com
20220117160909,api.uve.weibo.com
20220117160909,adstrategy.biz.weibo.com
20220117160909,adstrategy.biz.weibo.com
20220117160910,vs.biz.weibo.com
20220117160910,p7.biz.weibo.com
20220117160910,g7.biz.weibo.com
20220117065509,weibo.com
20220117065540,weibo.com
20220117065540,weibo.com
20220117065557,weibo.com
20220117065557,passport.weibo.com
20220117065557,passport.weibo.com
20220117034007,simg.s.weibo.com
20220117034008,weibo.com
20220117034024,sdkapp.uve.weibo.com
20220117034024,sdkapp.uve.weibo.com
20220117034024,adstrategy.biz.weibo.com
20220117034024,adstrategy.biz.weibo.com
20220117034025,sdkclick.uve.weibo.com
20220117034025,sdkclick.uve.weibo.com
20220117034028,simg.s.weibo.com
20220117034028,simg.s.weibo.com
20220117034029,vip.storage.weibo.com
20220117034029,vip.storage.weibo.com
20220117034029,wbapp.uve.weibo.com
20220117034029,wbapp.uve.weibo.com
20220117034040,weibo.com
20220117034040,weibo.com
20220117034057,weibo.com
20220117034058,passport.weibo.com
20220117034058,passport.weibo.com
20220117053209,weibo.com
20220117053228,fileplatform.api.weibo.com
20220117053228,weibo.com
20220117053228,api.weibo.com
20220117053228,picupload.weibo.com
20220117053228,picupload.service.weibo.com
20220117053228,ali.picupload.weibo.com
20220117053228,e.dpool.weibo.com
20220117053228,bjali.picupload.weibo.com
20220117053236,weibo.com
20220117053240,weibo.com
20220117053240,weibo.com
20220117053257,weibo.com
20220117053257,fileplatform.api.weibo.com
20220117053257,api.weibo.com
20220117053257,picupload.service.weibo.com
20220117053257,picupload.weibo.com
20220117053257,weibo.com
20220117053258,passport.weibo.com
20220117053258,passport.weibo.com
20220117053302,bjali.picupload.weibo.com
20220117091504,sdkclick.uve.weibo.com
20220117091504,sdkclick.uve.weibo.com
20220117091505,api.uve.weibo.com
20220117091509,weibo.com
20220117091511,api.weibo.com
20220117091511,api.weibo.com
20220117091515,rm.api.weibo.com
20220117091515,rm.api.weibo.com
20220117091515,rm.api.weibo.com
20220117091515,rm.api.weibo.com
20220117091515,remind.api.weibo.com
20220117091527,vs.biz.weibo.com
20220117091527,vs.biz.weibo.com
20220117091528,g7.biz.weibo.com
20220117091532,g7.biz.weibo.com
20220117091537,api.weibo.com
20220117091537,api.weibo.com
20220117091538,www.weibo.com
20220117091540,weibo.com
20220117091546,rm.api.weibo.com
20220117091546,remind.api.weibo.com
20220117091549,vs.biz.weibo.com
20220117091549,g7.biz.weibo.com
20220117091549,g7.biz.weibo.com
20220117091549,g7.biz.weibo.com
20220117091550,simg.s.weibo.com
20220117091550,simg.s.weibo.com
20220117091550,simg.s.weibo.com
20220117091557,api.weibo.com
20220117091557,weibo.com
20220117091557,passport.weibo.com
20220117091557,passport.weibo.com
20220117091558,rm.api.weibo.com
20220117091558,remind.api.weibo.com
20220117091601,sdkapp.uve.weibo.com
20220117205709,api.weibo.com
20220117205709,api.weibo.com
20220117205709,api.weibo.com
20220117205712,weibo.com
20220117205712,api.uve.weibo.com
20220117205713,api.uve.weibo.com
20220117205714,vs.biz.weibo.com
20220117205714,vs.biz.weibo.com
20220117205714,vs.biz.weibo.com
20220117205714,g7.biz.weibo.com
20220117205714,g7.biz.weibo.com
20220117205721,api.weibo.com
20220117205721,api.weibo.com
20220117205721,api.weibo.com
20220117205721,vip.storage.weibo.com
20220117205721,vip.storage.weibo.com
20220117205722,weibo.com
20220117205722,weibo.com
20220117205724,rm.api.weibo.com
20220117205727,fileplatform.api.weibo.com
20220117205727,weibo.com
20220117205727,api.weibo.com
20220117205727,picupload.weibo.com
20220117205727,picupload.service.weibo.com
20220117205727,e.dpool.weibo.com
20220117205727,ali.picupload.weibo.com
20220117205727,bjali.picupload.weibo.com
20220117205729,g7.biz.weibo.com
20220117205729,g7.biz.weibo.com
20220117205739,weibo.com
20220117205739,passport.weibo.com
20220117205739,passport.weibo.com
20220117205740,simg.s.weibo.com
20220117205749,simg.s.weibo.com
20220117205749,rm.api.weibo.com
20220117205749,remind.api.weibo.com
20220117205756,e.dpool.weibo.com
20220117205756,ali.picupload.weibo.com
20220117205756,bjali.picupload.weibo.com
20220117205800,api.weibo.com
20220117205801,ali.picupload.weibo.com
20220117205801,e.dpool.weibo.com
20220117205801,bjali.picupload.weibo.com
20220117022803,picupload.service.weibo.com
20220117022808,weibo.com
20220117022811,sdkapp.uve.weibo.com
20220117022811,sdkapp.uve.weibo.com
20220117022811,api.uve.weibo.com
20220117022811,api.uve.weibo.com
20220117022829,adimg.uve.weibo.com
20220117022829,adimg.uve.weibo.com
20220117022831,storage.wax.weibo.com
20220117022831,storage.wax.weibo.com
20220117022833,weibo.com
20220117022833,weibo.com
20220117022833,verified.weibo.com
20220117022833,verified.weibo.com
20220117022833,v.dpool.weibo.com
20220117022840,weibo.com
20220117022840,weibo.com
20220117022855,rm.api.weibo.com
20220117022857,weibo.com
20220117022858,passport.weibo.com
20220117022858,passport.weibo.com
20220117041808,weibo.com
20220117041819,sdkapp.uve.weibo.com
20220117041819,sdkapp.uve.weibo.com
20220117041819,api.uve.weibo.com
20220117041819,api.uve.weibo.com
20220117041840,weibo.com
20220117041840,weibo.com
20220117041857,weibo.com
20220117041858,passport.weibo.com
20220117041858,passport.weibo.com
20220117031308,weibo.com
20220117031332,api.uve.weibo.com
20220117031340,weibo.com
20220117031340,weibo.com
20220117031349,wbapp.uve.weibo.com
20220117031349,wbapp.uve.weibo.com
20220117031349,api.uve.weibo.com
20220117031349,api.uve.weibo.com
20220117031350,simg.s.weibo.com
20220117031350,simg.s.weibo.com
20220117031350,simg.s.weibo.com
20220117031355,remind.api.weibo.com
20220117031357,weibo.com
20220117031358,passport.weibo.com
20220117031358,passport.weibo.com
20220117005004,adstrategy.biz.weibo.com
20220117005004,vs.biz.weibo.com
20220117005005,g7.biz.weibo.com
20220117005005,vs.biz.weibo.com
20220117005007,weibo.com
20220117005010,sdkapp.uve.weibo.com
20220117005010,sdkapp.uve.weibo.com
20220117005010,sdkapp.uve.weibo.com
20220117005010,api.uve.weibo.com
20220117005010,api.uve.weibo.com
20220117005010,api.uve.weibo.com
20220117005010,api.uve.weibo.com
20220117005010,adstrategy.biz.weibo.com
20220117005010,adstrategy.biz.weibo.com
20220117005010,mediadata.api.weibo.com
20220117005010,mediadata.api.weibo.com
20220117005010,adimg.uve.weibo.com
20220117005015,wbapp.uve.weibo.com
20220117005015,wbapp.uve.weibo.com
20220117005015,api.uve.weibo.com
20220117005015,adimg.uve.weibo.com
20220117005015,adimg.uve.weibo.com
20220117005015,adimg.uve.weibo.com
20220117005016,vs.biz.weibo.com
20220117005016,g7.biz.weibo.com
20220117005016,g7.biz.weibo.com
20220117005016,g7.biz.weibo.com
20220117005017,storage.wax.weibo.com
20220117005017,storage.wax.weibo.com
20220117005017,storage.wax.weibo.com
20220117005022,vip.storage.weibo.com
20220117005024,api.uve.weibo.com
20220117005039,simg.s.weibo.com
20220117005039,simg.s.weibo.com
20220117005040,simg.s.weibo.com
20220117005040,weibo.com
20220117005040,weibo.com
20220117005042,wapwbclick.uve.weibo.com
20220117005042,wapwbclick.uve.weibo.com
20220117005042,wapwbclick.uve.weibo.com
20220117005042,api.uve.weibo.com
20220117005042,api.uve.weibo.com
20220117005043,vip.storage.weibo.com
20220117005043,vip.storage.weibo.com
20220117005057,weibo.com
20220117005058,passport.weibo.com
20220117005058,passport.weibo.com
20220117000007,weibo.com
20220117000012,vip.storage.weibo.com
20220117000012,vip.storage.weibo.com
20220117000013,storage.wax.weibo.com
20220117000013,sdkapp.uve.weibo.com
20220117000014,api.uve.weibo.com
20220117000014,sdkapp.uve.weibo.com
20220117000014,adimg.uve.weibo.com
20220117000014,adimg.uve.weibo.com
20220117000015,vs.biz.weibo.com
20220117000015,vs.biz.weibo.com
20220117000015,g7.biz.weibo.com
20220117000019,sdkapp.uve.weibo.com
20220117000019,api.uve.weibo.com
20220117000019,api.uve.weibo.com
20220117000019,api.uve.weibo.com
20220117000024,wbapp.uve.weibo.com
20220117000024,wbapp.uve.weibo.com
20220117000024,api.uve.weibo.com
20220117000024,adimg.uve.weibo.com
20220117000027,storage.wax.weibo.com
20220117000027,storage.wax.weibo.com
20220117000027,storage.wax.weibo.com
20220117000033,vs.biz.weibo.com
20220117000033,g7.biz.weibo.com
20220117000033,g7.biz.weibo.com
20220117000033,g7.biz.weibo.com
20220117000034,rm.api.weibo.com
20220117000040,weibo.com
20220117000041,weibo.com
20220117000041,simg.s.weibo.com
20220117000041,simg.s.weibo.com
20220117000041,simg.s.weibo.com
20220117000042,adstrategy.biz.weibo.com
20220117000042,adstrategy.biz.weibo.com
20220117000042,adstrategy.biz.weibo.com
20220117000044,sdkclick.uve.weibo.com
20220117000044,sdkclick.uve.weibo.com
20220117000044,sdkclick.uve.weibo.com
20220117000044,api.uve.weibo.com
20220117000044,api.uve.weibo.com
20220117000047,rm.api.weibo.com
20220117000047,remind.api.weibo.com
20220117000049,mediadata.api.weibo.com
20220117000049,mediadata.api.weibo.com
20220117000049,mediadata.api.weibo.com
20220117000054,api.uve.weibo.com
20220117000056,wapwbclick.uve.weibo.com
20220117000056,wapwbclick.uve.weibo.com
20220117000056,api.uve.weibo.com
20220117000057,weibo.com
20220117000058,passport.weibo.com
20220117000058,passport.weibo.com
20220117000059,wapwbclick.uve.weibo.com
20220117000059,api.uve.weibo.com
20220117221305,rm.api.weibo.com
20220117221305,remind.api.weibo.com
20220117221312,weibo.com
20220117221316,mediadata.api.weibo.com
20220117221316,mediadata.api.weibo.com
20220117221319,g7.biz.weibo.com
20220117221320,weibo.com
20220117221320,weibo.com
20220117221320,g7.biz.weibo.com
20220117221333,sdkapp.uve.weibo.com
20220117221333,sdkapp.uve.weibo.com
20220117221333,sdkapp.uve.weibo.com
20220117221333,api.uve.weibo.com
20220117221333,api.uve.weibo.com
20220117221333,api.uve.weibo.com
20220117221335,adstrategy.biz.weibo.com
20220117221335,adstrategy.biz.weibo.com
20220117221335,adstrategy.biz.weibo.com
20220117221337,simg.s.weibo.com
20220117221337,simg.s.weibo.com
20220117221337,simg.s.weibo.com
20220117221337,weibo.com
20220117221338,passport.weibo.com
20220117221338,passport.weibo.com
20220117221340,vip.storage.weibo.com
20220117221341,rm.api.weibo.com
20220117221341,remind.api.weibo.com
20220117221344,fastimage.uve.weibo.com
20220117221344,fastimage.uve.weibo.com
20220117221344,api.uve.weibo.com
20220117221346,sdkclick.uve.weibo.com
20220117221346,sdkclick.uve.weibo.com
20220117221346,api.uve.weibo.com
20220117221349,rm.api.weibo.com
20220117221349,api.weibo.com
20220117221349,api.weibo.com
20220117221352,api.uve.weibo.com
20220117221354,sdkapp.uve.weibo.com
20220117221354,adstrategy.biz.weibo.com
20220117221354,vip.storage.weibo.com
20220117221354,vip.storage.weibo.com
20220117221354,vip.storage.weibo.com
20220117221356,api.uve.weibo.com
20220117221356,mapi.weibo.com
20220117221356,mapi.weibo.com
20220117221356,mapi.weibo.com
20220117221356,fastimage.uve.weibo.com
20220117221356,api.uve.weibo.com
20220117221356,vs.biz.weibo.com
20220117221358,adimg.uve.weibo.com
20220117221358,adimg.uve.weibo.com
20220117221358,adimg.uve.weibo.com
20220117221359,vs.biz.weibo.com
20220117221359,vs.biz.weibo.com
20220117221359,vs.biz.weibo.com
20220117221359,g7.biz.weibo.com
20220117221359,g7.biz.weibo.com
20220117113348,simg.s.weibo.com
20220117113348,simg.s.weibo.com
20220117113353,vs.biz.weibo.com
20220117113353,vs.biz.weibo.com
20220117113353,p7.biz.weibo.com
20220117113353,p7.biz.weibo.com
20220117113353,g7.biz.weibo.com
20220117113353,g7.biz.weibo.com
20220117113354,weibo.com
20220117113354,passport.weibo.com
20220117113354,passport.weibo.com
20220117113359,sdkapp.uve.weibo.com
20220117113359,sdkapp.uve.weibo.com
20220117113359,api.uve.weibo.com
20220117113359,adstrategy.biz.weibo.com
20220117113359,adstrategy.biz.weibo.com
20220117113400,sdkclick.uve.weibo.com
20220117113400,sdkclick.uve.weibo.com
20220117113401,g7.biz.weibo.com
20220117113402,adstrategy.biz.weibo.com
20220117113403,vs.biz.weibo.com
20220117113403,vs.biz.weibo.com
20220117113403,g7.biz.weibo.com
20220117113403,g7.biz.weibo.com
20220117113403,g7.biz.weibo.com
20220117113410,weibo.com
20220117113411,rm.api.weibo.com
20220117113413,qbird.media.weibo.com
20220117113414,image.storage.weibo.com
20220117113421,mediadata.api.weibo.com
20220117113424,vs.biz.weibo.com
20220117113424,vs.biz.weibo.com
20220117113425,video.weibo.com
20220117113425,video.weibo.com
20220117113432,rm.api.weibo.com
20220117113432,remind.api.weibo.com
20220117113437,weibo.com
20220117113437,weibo.com
20220117113442,rm.api.weibo.com
20220117171011,vs.biz.weibo.com
20220117171011,g7.biz.weibo.com
20220117171011,vs.biz.weibo.com
20220117171011,weibo.com
20220117171018,e.weibo.com
20220117171021,weibo.com
20220117171021,weibo.com
20220117171022,rm.api.weibo.com
20220117171022,s.weibo.com
20220117171023,vs.biz.weibo.com
20220117171023,g7.biz.weibo.com
20220117171023,g7.biz.weibo.com
20220117171024,service.weibo.com
20220117171026,vs.biz.weibo.com
20220117171026,vs.biz.weibo.com
20220117171026,p7.biz.weibo.com
20220117171026,g7.biz.weibo.com
20220117171026,api.uve.weibo.com
20220117171028,weibo.com
20220117171028,weibo.com
20220117171030,simg.s.weibo.com
20220117171030,simg.s.weibo.com
20220117171030,simg.s.weibo.com
20220117171030,simg.s.weibo.com
20220117171034,weibo.com
20220117171043,rm.api.weibo.com
20220117171045,weibo.com
20220117171045,passport.weibo.com
20220117171045,passport.weibo.com
20220117171048,weibo.com
20220117171049,adstrategy.biz.weibo.com
20220117171049,adstrategy.biz.weibo.com
20220117171050,api.uve.weibo.com
20220117171050,api.uve.weibo.com
20220117171052,vip.storage.weibo.com
20220117171052,vip.storage.weibo.com
20220117171053,simg.s.weibo.com
20220117171053,simg.s.weibo.com
20220117013003,storage.wax.weibo.com
20220117013003,storage.wax.weibo.com
20220117013003,storage.wax.weibo.com
20220117013005,mediadata.api.weibo.com
20220117013005,mediadata.api.weibo.com
20220117013005,mediadata.api.weibo.com
20220117013007,weibo.com
20220117013008,simg.s.weibo.com
20220117013008,simg.s.weibo.com
20220117013008,simg.s.weibo.com
20220117013010,wapwbclick.uve.weibo.com
20220117013010,wapwbclick.uve.weibo.com
20220117013010,wapwbclick.uve.weibo.com
20220117013010,api.uve.weibo.com
20220117013010,api.uve.weibo.com
20220117013013,vs.biz.weibo.com
20220117013014,api.uve.weibo.com
20220117013022,api.uve.weibo.com
20220117013023,wbapp.uve.weibo.com
20220117013024,adstrategy.biz.weibo.com
20220117013024,adstrategy.biz.weibo.com
20220117013024,sdkapp.uve.weibo.com
20220117013024,sdkapp.uve.weibo.com
20220117013024,api.uve.weibo.com
20220117013024,api.uve.weibo.com
20220117013024,sdkapp.uve.weibo.com
20220117013024,adstrategy.biz.weibo.com
20220117013024,sdkapp.uve.weibo.com
20220117013024,adstrategy.biz.weibo.com
20220117013024,api.uve.weibo.com
20220117013024,api.uve.weibo.com
20220117013025,sdkclick.uve.weibo.com
20220117013025,sdkclick.uve.weibo.com
20220117013025,api.uve.weibo.com
20220117013025,vs.biz.weibo.com
20220117013025,g7.biz.weibo.com
20220117013027,vs.biz.weibo.com
20220117013027,g7.biz.weibo.com
20220117013040,weibo.com
20220117013040,weibo.com
20220117013045,video.weibo.com
20220117013045,video.weibo.com
20220117013045,video.weibo.com
20220117013047,api.uve.weibo.com
20220117013047,adstrategy.biz.weibo.com
20220117013049,api.uve.weibo.com
20220117013055,rm.api.weibo.com
20220117013055,remind.api.weibo.com
20220117013057,weibo.com
20220117013058,passport.weibo.com
20220117013058,passport.weibo.com
20220117012707,weibo.com
20220117012714,vip.storage.weibo.com
20220117012714,vip.storage.weibo.com
20220117012715,mediadata.api.weibo.com
20220117012715,mediadata.api.weibo.com
20220117012726,simg.s.weibo.com
20220117012727,g7.biz.weibo.com
20220117012728,api.weibo.com
20220117012728,fileplatform.api.weibo.com
20220117012728,weibo.com
20220117012728,picupload.service.weibo.com
20220117012728,picupload.weibo.com
20220117012728,e.dpool.weibo.com
20220117012728,ali.picupload.weibo.com
20220117012728,bjali.picupload.weibo.com
20220117012737,sdkapp.uve.weibo.com
20220117012737,sdkapp.uve.weibo.com
20220117012737,sdkapp.uve.weibo.com
20220117012738,api.uve.weibo.com
20220117012738,api.uve.weibo.com
20220117012738,api.uve.weibo.com
20220117012738,api.uve.weibo.com
20220117012738,adimg.uve.weibo.com
20220117012738,adimg.uve.weibo.com
20220117012738,adimg.uve.weibo.com
20220117012740,weibo.com
20220117012740,weibo.com
20220117012743,api.weibo.com
20220117012743,api.weibo.com
20220117012747,rm.api.weibo.com
20220117012747,remind.api.weibo.com
20220117012747,vs.biz.weibo.com
20220117012747,vs.biz.weibo.com
20220117012747,g7.biz.weibo.com
20220117012747,g7.biz.weibo.com
20220117012747,g7.biz.weibo.com
20220117012747,g7.biz.weibo.com
20220117012757,api.weibo.com
20220117012757,weibo.com
20220117012757,weibo.com
20220117012757,fileplatform.api.weibo.com
20220117012757,picupload.service.weibo.com
20220117012757,picupload.weibo.com
20220117012758,passport.weibo.com
20220117012758,passport.weibo.com
20220117012800,picupload.service.weibo.com
20220117012802,ali.picupload.weibo.com
20220117012802,e.dpool.weibo.com
20220117012802,bjali.picupload.weibo.com
20220117083008,api.uve.weibo.com
20220117083009,weibo.com
20220117083014,vip.storage.weibo.com
20220117083020,api.uve.weibo.com
20220117083020,simg.s.weibo.com
20220117083020,simg.s.weibo.com
20220117083020,simg.s.weibo.com
20220117083022,api.uve.weibo.com
20220117083022,api.uve.weibo.com
20220117083022,sdkapp.uve.weibo.com
20220117083022,sdkapp.uve.weibo.com
20220117083022,sdkapp.uve.weibo.com
20220117083022,api.uve.weibo.com
20220117083022,api.uve.weibo.com
20220117083022,api.uve.weibo.com
20220117083022,api.uve.weibo.com
20220117083023,sdkclick.uve.weibo.com
20220117083023,sdkclick.uve.weibo.com
20220117083023,sdkclick.uve.weibo.com
20220117083023,api.uve.weibo.com
20220117083023,api.uve.weibo.com
20220117083028,adimg.uve.weibo.com
20220117083031,adstrategy.biz.weibo.com
20220117083033,sdkapp.uve.weibo.com
20220117083033,sdkapp.uve.weibo.com
20220117083033,api.uve.weibo.com
20220117083034,fastimage.uve.weibo.com
20220117083034,fastimage.uve.weibo.com
20220117083035,adstrategy.biz.weibo.com
20220117083035,adstrategy.biz.weibo.com
20220117083036,wbapp.uve.weibo.com
20220117083036,wbapp.uve.weibo.com
20220117083036,api.uve.weibo.com
20220117083037,adimg.uve.weibo.com
20220117083037,adimg.uve.weibo.com
20220117083040,weibo.com
20220117083040,weibo.com
20220117083041,wbapp.uve.weibo.com
20220117083041,simg.s.weibo.com
20220117083041,simg.s.weibo.com
20220117083042,storage.wax.weibo.com
20220117083042,storage.wax.weibo.com
20220117083042,wapwbclick.uve.weibo.com
20220117083042,wapwbclick.uve.weibo.com
20220117083051,simg.s.weibo.com
20220117083052,vs.biz.weibo.com
20220117083052,vs.biz.weibo.com
20220117083052,g7.biz.weibo.com
20220117083057,weibo.com
20220117083057,passport.weibo.com
20220117083057,passport.weibo.com
20220117083058,vs.biz.weibo.com
20220117083058,vs.biz.weibo.com
20220117083058,g7.biz.weibo.com
20220117083102,live.weibo.com
20220117083102,live.weibo.com
20220117083102,l.dpool.weibo.com
20220117083102,l.dpool.weibo.com
20220117083102,plwb.live.weibo.com
20220117083102,plwb.live.weibo.com
20220117193506,simg.s.weibo.com
20220117193506,simg.s.weibo.com
20220117193506,simg.s.weibo.com
20220117193512,weibo.com
20220117193514,rm.api.weibo.com
20220117193514,rm.api.weibo.com
20220117193514,rm.api.weibo.com
20220117193514,remind.api.weibo.com
20220117193514,remind.api.weibo.com
20220117193514,remind.api.weibo.com
20220117193514,remind.api.weibo.com
20220117193518,vip.storage.weibo.com
20220117193518,vip.storage.weibo.com
20220117193519,rm.api.weibo.com
20220117193519,vs.biz.weibo.com
20220117193519,g7.biz.weibo.com
20220117193519,g7.biz.weibo.com
20220117193519,g7.biz.weibo.com
20220117193520,vs.biz.weibo.com
20220117193520,p7.biz.weibo.com
20220117193520,g7.biz.weibo.com
20220117193520,api.uve.weibo.com
20220117193524,weibo.com
20220117193524,weibo.com
20220117193528,adstrategy.biz.weibo.com
20220117193528,adstrategy.biz.weibo.com
20220117193534,wbapp.uve.weibo.com
20220117193534,wbapp.uve.weibo.com
20220117193534,api.uve.weibo.com
20220117193534,api.uve.weibo.com
20220117193537,sdkapp.uve.weibo.com
20220117193537,sdkapp.uve.weibo.com
20220117193537,sdkapp.uve.weibo.com
20220117193537,api.uve.weibo.com
20220117193537,api.uve.weibo.com
20220117193537,api.uve.weibo.com
20220117193540,vs.biz.weibo.com
20220117193540,vs.biz.weibo.com
20220117193540,g7.biz.weibo.com
20220117193541,weibo.com
20220117193542,passport.weibo.com
20220117193542,passport.weibo.com
20220117193556,mediadata.api.weibo.com
20220117193556,mediadata.api.weibo.com
20220117224705,rm.api.weibo.com
20220117224705,remind.api.weibo.com
20220117224707,storage.wax.weibo.com
20220117224707,storage.wax.weibo.com
20220117224708,api.uve.weibo.com
20220117224708,adstrategy.biz.weibo.com
20220117224708,adstrategy.biz.weibo.com
20220117224708,adstrategy.biz.weibo.com
20220117224708,sdkapp.uve.weibo.com
20220117224708,sdkapp.uve.weibo.com
20220117224708,sdkapp.uve.weibo.com
20220117224708,api.uve.weibo.com
20220117224708,api.uve.weibo.com
20220117224708,api.uve.weibo.com
20220117224709,rm.api.weibo.com
20220117224709,remind.api.weibo.com
20220117224713,weibo.com
20220117224717,sdkapp.uve.weibo.com
20220117224717,sdkapp.uve.weibo.com
20220117224717,sdkapp.uve.weibo.com
20220117224717,api.uve.weibo.com
20220117224717,api.uve.weibo.com
20220117224717,api.uve.weibo.com
20220117224717,api.uve.weibo.com
20220117224717,adstrategy.biz.weibo.com
20220117224717,adstrategy.biz.weibo.com
20220117224717,adstrategy.biz.weibo.com
20220117224718,simg.s.weibo.com
20220117224718,simg.s.weibo.com
20220117224718,simg.s.weibo.com
20220117224719,mediadata.api.weibo.com
20220117224720,weibo.com
20220117224720,weibo.com
20220117224722,vip.storage.weibo.com
20220117224722,vip.storage.weibo.com
20220117224725,mediadata.api.weibo.com
20220117224725,mediadata.api.weibo.com
20220117224725,mediadata.api.weibo.com
20220117224725,vs.biz.weibo.com
20220117224725,vs.biz.weibo.com
20220117224725,vs.biz.weibo.com
20220117224725,g7.biz.weibo.com
20220117224725,g7.biz.weibo.com
20220117224725,g7.biz.weibo.com
20220117224725,g7.biz.weibo.com
20220117224725,wbapp.uve.weibo.com
20220117224725,wbapp.uve.weibo.com
20220117224725,api.uve.weibo.com
20220117224726,mediadata.api.weibo.com
20220117224726,g7.biz.weibo.com
20220117224727,weibo.com
20220117224727,fileplatform.api.weibo.com
20220117224727,api.weibo.com
20220117224727,picupload.service.weibo.com
20220117224727,picupload.weibo.com
20220117224727,ali.picupload.weibo.com
20220117224727,e.dpool.weibo.com
20220117224727,bjali.picupload.weibo.com
20220117224727,vip.storage.weibo.com
20220117224727,vip.storage.weibo.com
20220117224727,vip.storage.weibo.com
20220117224734,api.uve.weibo.com
20220117224734,api.uve.weibo.com
20220117224737,weibo.com
20220117224737,passport.weibo.com
20220117224737,passport.weibo.com
20220117224739,vs.biz.weibo.com
20220117224739,g7.biz.weibo.com
20220117224739,vs.biz.weibo.com
20220117224745,adimg.uve.weibo.com
20220117224745,adimg.uve.weibo.com
20220117224756,e.dpool.weibo.com
20220117224756,ali.picupload.weibo.com
20220117224756,bjali.picupload.weibo.com
20220117224758,rm.api.weibo.com
20220117224800,weibo.com
20220117110317,g7.biz.weibo.com
20220117110317,g7.biz.weibo.com
20220117110319,plyzb20.live.weibo.com
20220117110328,rm.api.weibo.com
20220117110328,rm.api.weibo.com
20220117110328,rm.api.weibo.com
20220117110328,remind.api.weibo.com
20220117110329,sdkapp.uve.weibo.com
20220117110329,sdkapp.uve.weibo.com
20220117110329,sdkapp.uve.weibo.com
20220117110329,api.uve.weibo.com
20220117110329,api.uve.weibo.com
20220117110329,api.uve.weibo.com
20220117110330,adimg.uve.weibo.com
20220117110337,weibo.com
20220117110337,weibo.com
20220117110348,huati.weibo.com
20220117110348,huati.weibo.com
20220117110348,huati.weibo.com
20220117110348,lb.chaohua.weibo.com
20220117110348,lb.chaohua.weibo.com
20220117110348,lb.chaohua.weibo.com
20220117110348,lb.chaohua.weibo.com
20220117110354,weibo.com
20220117110355,passport.weibo.com
20220117110355,passport.weibo.com
20220117110358,rm.api.weibo.com
20220117110358,wbapp.uve.weibo.com
20220117110358,wbapp.uve.weibo.com
20220117110358,remind.api.weibo.com
20220117110358,api.uve.weibo.com
20220117110358,api.uve.weibo.com
20220117110358,adstrategy.biz.weibo.com
20220117110358,adstrategy.biz.weibo.com
20220117110358,adstrategy.biz.weibo.com
20220117110359,sdkclick.uve.weibo.com
20220117110359,sdkclick.uve.weibo.com
20220117110359,sdkclick.uve.weibo.com
20220117110359,api.uve.weibo.com
20220117110359,api.uve.weibo.com
20220117110400,mediadata.api.weibo.com
20220117110400,mediadata.api.weibo.com
20220117110400,mediadata.api.weibo.com
20220117110402,rm.api.weibo.com
20220117110402,remind.api.weibo.com
20220117110403,vs.biz.weibo.com
20220117110403,vs.biz.weibo.com
20220117110403,vs.biz.weibo.com
20220117110403,g7.biz.weibo.com
20220117110403,g7.biz.weibo.com
20220117110409,weibo.com
20220117110410,rm.api.weibo.com
20220117110410,remind.api.weibo.com
20220117110418,wbapp.uve.weibo.com
20220117110418,api.uve.weibo.com
20220117110418,adstrategy.biz.weibo.com
20220117110418,adstrategy.biz.weibo.com
20220117110418,sdkapp.uve.weibo.com
20220117110418,sdkapp.uve.weibo.com
20220117110418,api.uve.weibo.com
20220117110419,sdkclick.uve.weibo.com
20220117110419,sdkclick.uve.weibo.com
20220117110419,vs.biz.weibo.com
20220117110419,vs.biz.weibo.com
20220117110419,p7.biz.weibo.com
20220117110419,p7.biz.weibo.com
20220117110420,g7.biz.weibo.com
20220117110420,g7.biz.weibo.com
20220117110422,adimg.uve.weibo.com
20220117110422,adimg.uve.weibo.com
20220117110428,simg.s.weibo.com
20220117110428,simg.s.weibo.com
20220117110428,simg.s.weibo.com
20220117110429,wapwbclick.uve.weibo.com
20220117110429,wapwbclick.uve.weibo.com
20220117110429,wapwbclick.uve.weibo.com
20220117110429,api.uve.weibo.com
20220117110429,api.uve.weibo.com
20220117110434,g7.biz.weibo.com
20220117110434,g7.biz.weibo.com
20220117110437,weibo.com
20220117110437,weibo.com
20220117110438,weibo.com
20220117110439,vip.storage.weibo.com
20220117110439,vip.storage.weibo.com
20220117110441,sdkapp.uve.weibo.com
20220117110442,rm.api.weibo.com
20220117110447,passport.weibo.com
20220117110454,weibo.com
20220117110454,vip.storage.weibo.com
20220117110455,passport.weibo.com
20220117110455,passport.weibo.com
20220117110455,sdkapp.uve.weibo.com
20220117110455,sdkapp.uve.weibo.com
20220117110455,api.uve.weibo.com
20220117110456,e.weibo.com
20220117110457,vs.biz.weibo.com
20220117110457,vs.biz.weibo.com
20220117110457,p7.biz.weibo.com
20220117110457,p7.biz.weibo.com
20220117110457,g7.biz.weibo.com
20220117110457,g7.biz.weibo.com
20220117110506,multimedia.api.weibo.com
20220117165208,rm.api.weibo.com
20220117165211,weibo.com
20220117165214,sdkapp.uve.weibo.com
20220117165214,sdkapp.uve.weibo.com
20220117165214,api.uve.weibo.com
20220117165216,api.weibo.com
20220117165227,weibo.com
20220117165227,fileplatform.api.weibo.com
20220117165227,api.weibo.com
20220117165227,picupload.service.weibo.com
20220117165227,picupload.weibo.com
20220117165227,ali.picupload.weibo.com
20220117165227,e.dpool.weibo.com
20220117165227,bjali.picupload.weibo.com
20220117165229,weibo.com
20220117165229,weibo.com
20220117165231,api.uve.weibo.com
20220117165232,api.uve.weibo.com
20220117165232,adstrategy.biz.weibo.com
20220117165232,adstrategy.biz.weibo.com
20220117165233,api.uve.weibo.com
20220117165236,mediadata.api.weibo.com
20220117165239,simg.s.weibo.com
20220117165241,video.weibo.com
20220117165241,video.weibo.com
20220117165241,video.weibo.com
20220117165241,vip.storage.weibo.com
20220117165246,weibo.com
20220117165246,passport.weibo.com
20220117165246,passport.weibo.com
20220117165252,rm.api.weibo.com
20220117165252,remind.api.weibo.com
20220117165257,bjali.picupload.weibo.com
20220117165301,shx.picupload.weibo.com
20220117165301,weibo.com
20220117165301,fileplatform.api.weibo.com
20220117165301,api.weibo.com
20220117165301,picupload.service.weibo.com
20220117165301,picupload.weibo.com
20220117071105,mediadata.api.weibo.com
20220117071109,weibo.com
20220117071140,weibo.com
20220117071140,weibo.com
20220117071152,vip.storage.weibo.com
20220117071152,vip.storage.weibo.com
20220117071157,weibo.com
20220117071157,passport.weibo.com
20220117071158,passport.weibo.com
20220117174106,vs.biz.weibo.com
20220117174106,p7.biz.weibo.com
20220117174106,g7.biz.weibo.com
20220117174107,sdkapp.uve.weibo.com
20220117174111,weibo.com
20220117174112,sdkapp.uve.weibo.com
20220117174112,api.uve.weibo.com
20220117174125,g7.biz.weibo.com
20220117174125,mediadata.api.weibo.com
20220117174127,weibo.com
20220117174127,weibo.com
20220117174128,simg.s.weibo.com
20220117174140,rm.api.weibo.com
20220117174144,weibo.com
20220117174144,weibo.com
20220117174144,passport.weibo.com
20220117174144,passport.weibo.com
20220117174151,rm.api.weibo.com
20220117174151,remind.api.weibo.com
20220117182003,rm.api.weibo.com
20220117182011,adimg.uve.weibo.com
20220117182011,weibo.com
20220117182011,adimg.uve.weibo.com
20220117182020,simg.s.weibo.com
20220117182020,simg.s.weibo.com
20220117182020,simg.s.weibo.com
20220117182026,weibo.com
20220117182026,weibo.com
20220117182033,sdkapp.uve.weibo.com
20220117182033,sdkapp.uve.weibo.com
20220117182033,api.uve.weibo.com
20220117182043,rm.api.weibo.com
20220117182043,remind.api.weibo.com
20220117182043,rm.api.weibo.com
20220117182043,remind.api.weibo.com
20220117182043,weibo.com
20220117182043,passport.weibo.com
20220117182044,passport.weibo.com
20220117124252,weibo.com
20220117124252,passport.weibo.com
20220117124252,passport.weibo.com
20220117124252,vs.biz.weibo.com
20220117124252,vs.biz.weibo.com
20220117124252,p7.biz.weibo.com
20220117124252,p7.biz.weibo.com
20220117124252,g7.biz.weibo.com
20220117124252,g7.biz.weibo.com
20220117124253,vip.storage.weibo.com
20220117124253,wbapp.uve.weibo.com
20220117124256,weibo.com
20220117124256,fileplatform.api.weibo.com
20220117124256,api.weibo.com
20220117124256,picupload.weibo.com
20220117124256,picupload.service.weibo.com
20220117124259,rm.api.weibo.com
20220117124259,remind.api.weibo.com
20220117124301,api.weibo.com
20220117124301,weibo.com
20220117124301,picupload.weibo.com
20220117124301,picupload.service.weibo.com
20220117124301,fileplatform.api.weibo.com
20220117124301,ali.picupload.weibo.com
20220117124301,e.dpool.weibo.com
20220117124303,ali.picupload.weibo.com
20220117124310,sdkapp.uve.weibo.com
20220117124310,sdkapp.uve.weibo.com
20220117124310,adstrategy.biz.weibo.com
20220117124310,api.uve.weibo.com
20220117124310,api.uve.weibo.com
20220117124310,weibo.com
20220117124311,sdkclick.uve.weibo.com
20220117124311,sdkclick.uve.weibo.com
20220117124311,api.uve.weibo.com
20220117124315,api.uve.weibo.com
20220117124317,rm.api.weibo.com
20220117124317,rm.api.weibo.com
20220117124317,rm.api.weibo.com
20220117124317,remind.api.weibo.com
20220117124328,api.uve.weibo.com
20220117124329,adimg.uve.weibo.com
20220117124330,adstrategy.biz.weibo.com
20220117124332,vip.storage.weibo.com
20220117124332,vip.storage.weibo.com
20220117124333,vs.biz.weibo.com
20220117124333,vs.biz.weibo.com
20220117124333,g7.biz.weibo.com
20220117124335,weibo.com
20220117124335,weibo.com
20220117124343,storage.wax.weibo.com
20220117124344,weibo.com
20220117124351,rm.api.weibo.com
20220117124351,remind.api.weibo.com
20220117155011,rm.api.weibo.com
20220117155011,rm.api.weibo.com
20220117155011,weibo.com
20220117155011,vs.biz.weibo.com
20220117155011,g7.biz.weibo.com
20220117155012,mediadata.api.weibo.com
20220117155012,mediadata.api.weibo.com
20220117155012,mediadata.api.weibo.com
20220117155025,vs.biz.weibo.com
20220117155027,rm.api.weibo.com
20220117155027,weibo.com
20220117155027,weibo.com
20220117155027,weibo.com
20220117155028,remind.api.weibo.com
20220117155029,rm.api.weibo.com
20220117155030,weibo.com
20220117155033,playbackyzb.live.weibo.com
20220117155041,g7.biz.weibo.com
20220117155041,g7.biz.weibo.com
20220117155044,video.weibo.com
20220117155044,video.weibo.com
20220117155044,video.weibo.com
20220117155047,weibo.com
20220117155047,passport.weibo.com
20220117155047,passport.weibo.com
20220117155049,api.uve.weibo.com
20220117155051,wbapp.uve.weibo.com
20220117155051,api.uve.weibo.com
20220117155051,adstrategy.biz.weibo.com
20220117155051,adstrategy.biz.weibo.com
20220117155053,rm.api.weibo.com
20220117155053,remind.api.weibo.com
20220117155106,api.uve.weibo.com
20220117155107,sdkapp.uve.weibo.com
20220117155107,sdkapp.uve.weibo.com
20220117155107,sdkapp.uve.weibo.com
20220117155107,api.uve.weibo.com
20220117155107,api.uve.weibo.com
20220117155107,api.uve.weibo.com
20220117155107,remind.api.weibo.com
20220117105528,rm.api.weibo.com
20220117105528,rm.api.weibo.com
20220117105528,remind.api.weibo.com
20220117105530,vs.biz.weibo.com
20220117105530,vs.biz.weibo.com
20220117105530,g7.biz.weibo.com
20220117105530,g7.biz.weibo.com
20220117105530,g7.biz.weibo.com
20220117105530,g7.biz.weibo.com
20220117105531,api.weibo.com
20220117105538,weibo.com
20220117105538,weibo.com
20220117105542,mediadata.api.weibo.com
20220117105542,mediadata.api.weibo.com
20220117105543,sdkapp.uve.weibo.com
20220117105543,api.uve.weibo.com
20220117105543,api.uve.weibo.com
20220117105543,api.uve.weibo.com
20220117105543,api.uve.weibo.com
20220117105546,rm.api.weibo.com
20220117105546,rm.api.weibo.com
20220117105546,remind.api.weibo.com
20220117105550,weibo.com
20220117105550,weibo.com
20220117105555,weibo.com
20220117105555,passport.weibo.com
20220117105555,passport.weibo.com
20220117105602,g7.biz.weibo.com
20220117105605,sdkapp.uve.weibo.com
20220117105605,sdkapp.uve.weibo.com
20220117105605,api.uve.weibo.com
20220117105605,api.uve.weibo.com
20220117105605,adstrategy.biz.weibo.com
20220117105605,adstrategy.biz.weibo.com
20220117105607,rm.api.weibo.com
20220117105607,api.uve.weibo.com
20220117105609,weibo.com
20220117105611,wbapp.uve.weibo.com
20220117105611,wbapp.uve.weibo.com
20220117105612,wbapp.uve.weibo.com
20220117105612,wbapp.uve.weibo.com
20220117105612,api.uve.weibo.com
20220117105612,adstrategy.biz.weibo.com
20220117105612,adstrategy.biz.weibo.com
20220117105612,adstrategy.biz.weibo.com
20220117105612,sdkapp.uve.weibo.com
20220117105612,sdkapp.uve.weibo.com
20220117105612,api.uve.weibo.com
20220117105612,simg.s.weibo.com
20220117105612,simg.s.weibo.com
20220117105612,simg.s.weibo.com
20220117105613,sdkclick.uve.weibo.com
20220117105613,sdkclick.uve.weibo.com
20220117105613,sdkclick.uve.weibo.com
20220117105613,api.uve.weibo.com
20220117105613,api.uve.weibo.com
20220117105614,mediadata.api.weibo.com
20220117105614,mediadata.api.weibo.com
20220117105616,rm.api.weibo.com
20220117105616,remind.api.weibo.com
20220117105620,mediadata.api.weibo.com
20220117105622,huati.weibo.com
20220117105622,huati.weibo.com
20220117105622,huati.weibo.com
20220117105622,lb.chaohua.weibo.com
20220117105622,lb.chaohua.weibo.com
20220117105622,lb.chaohua.weibo.com
20220117105622,lb.chaohua.weibo.com
20220117105623,vs.biz.weibo.com
20220117105626,vip.storage.weibo.com
20220117105626,vip.storage.weibo.com
20220117105626,vip.storage.weibo.com
20220117184905,rm.api.weibo.com
20220117184905,remind.api.weibo.com
20220117184908,vs.biz.weibo.com
20220117184909,sdkapp.uve.weibo.com
20220117184912,weibo.com
20220117184912,vs.biz.weibo.com
20220117184912,g7.biz.weibo.com
20220117184912,vs.biz.weibo.com
20220117184919,mediadata.api.weibo.com
20220117184926,weibo.com
20220117184926,weibo.com
20220117184935,weibo.com
20220117184941,vs.biz.weibo.com
20220117184941,g7.biz.weibo.com
20220117184941,g7.biz.weibo.com
20220117184941,g7.biz.weibo.com
20220117184941,g7.biz.weibo.com
20220117184943,weibo.com
20220117184943,passport.weibo.com
20220117184943,passport.weibo.com
20220117184948,service.weibo.com
20220117184957,rm.api.weibo.com
20220117184957,remind.api.weibo.com
20220117185000,vip.storage.weibo.com
20220117185000,vip.storage.weibo.com
20220117185000,vip.storage.weibo.com
20220117130352,passport.weibo.com
20220117130354,sdkapp.uve.weibo.com
20220117130354,adstrategy.biz.weibo.com
20220117130354,api.uve.weibo.com
20220117130354,api.uve.weibo.com
20220117130354,sdkclick.uve.weibo.com
20220117130354,api.uve.weibo.com
20220117130356,simg.s.weibo.com
20220117130357,adimg.uve.weibo.com
20220117130358,storage.wax.weibo.com
20220117130358,storage.wax.weibo.com
20220117130358,storage.wax.weibo.com
20220117130410,weibo.com
20220117130411,rm.api.weibo.com
20220117130411,rm.api.weibo.com
20220117130412,g7.biz.weibo.com
20220117130412,g7.biz.weibo.com
20220117130413,mediadata.api.weibo.com
20220117130413,mediadata.api.weibo.com
20220117130413,mediadata.api.weibo.com
20220117130428,rm.api.weibo.com
20220117130428,remind.api.weibo.com
20220117130432,rm.api.weibo.com
20220117130432,remind.api.weibo.com
20220117130434,weibo.com
20220117130434,weibo.com
20220117130436,vs.biz.weibo.com
20220117130436,vs.biz.weibo.com
20220117130436,vs.biz.weibo.com
20220117130436,vs.biz.weibo.com
20220117130436,g7.biz.weibo.com
20220117130437,sdkapp.uve.weibo.com
20220117130448,video.weibo.com
20220117130448,video.weibo.com
20220117130451,weibo.com
20220117130451,weibo.com
20220117130451,passport.weibo.com
